,name,symbol,slug
0,NEAR Protocol,NEAR,near-protocol
1,Internet Computer,ICP,internet-computer
2,Artificial Superintelligence Alliance,FET,artificial-superintelligence-alliance
3,Render,RENDER,render
4,Bittensor,TAO,bittensor
5,The Graph,GRT,the-graph
6,Theta Network,THETA,theta-network
7,DeXe,DEXE,dexe
8,AIOZ Network,AIOZ,aioz-network
9,Turbo,TURBO,turbo
10,Golem,GLM,golem-network-tokens
11,Aethir,ATH,aethir
12,io.net,IO,io-net
13,Arkham,ARKM,arkham
14,OriginTrail,TRAC,origintrail
15,Flux,FLUX,zel
16,Qubic,QUBIC,qubic
17,Destra Network,DSYNC,destra-network
18,Arcblock,ABT,arcblock
19,Kadena,KDA,kadena
20,Casper,CSPR,casper
21,Zignaly,ZIG,zigcoin
22,Ozone Chain,OZO,ozone-chain
23,RSS3,RSS3,rss3
24,0x0.ai,0x0,0x0-ai-ai-smart-contract
25,Delysium,AGI,delysium
26,iExec RLC,RLC,rlc
27,Numeraire,NMR,numeraire
28,inSure DeFi,SURE,insure
29,Marlin,POND,marlin
30,Nosana,NOS,nosana
31,IQ,IQ,iq
32,Sleepless AI,AI,sleepless-ai
33,dKargo,DKA,dkargo
34,Solidus Ai Tech,AITECH,solidus-ai-tech
35,Phala Network,PHA,phala-network
36,Hooked Protocol,HOOK,hooked-protocol
37,Oraichain,ORAI,oraichain-token
38,NetMind Token,NMT,netmind-token
39,Phoenix,PHB,phoenix-global-new
40,CUDOS,CUDOS,cudos
41,NFPrompt,NFP,nfprompt
42,Artificial Liquid Intelligence,ALI,alethea-artificial-liquid-intelligence-token
43,LimeWire,LMWR,limewire
44,TokenFi,TOKEN,tokenfi
45,Forta,FORT,forta
46,PlatON,LAT,platon
47,Dimitra,DMTR,dimitra
48,Streamr,DATA,streamr
49,DecideAI,DCD,decideai
50,DIA,DIA,dia
51,Aleph.im,ALEPH,aleph-im
52,Cortex,CTXC,cortex
53,PaLM AI,PALM,palm-ai
54,Victoria VR,VR,victoria-vr
55,Verasity,VRA,verasity
56,Virtuals Protocol,VIRTUAL,virtual-protocol
57,SelfKey,KEY,selfkey
58,LinqAI,LNQ,linqai
59,Sentinel Protocol,UPP,sentinel-protocol
60,Measurable Data Token,MDT,measurable-data-token
61,SIDUS,SIDUS,sidus
62,Numbers Protocol,NUM,numbers-protocol
63,VAIOT,VAI,vaiot
64,PARSIQ,PRQ,parsiq
65,SingularityDAO,SDAO,singularitydao
66,Graphlinq Chain,GLQ,graphlinq-protocol
67,Vectorspace AI,VXV,vectorspace-ai
68,Agoras: Currency of Tau,AGRS,agoras-tokens
69,Cere Network,CERE,cere-network
70,OORT,OORT,oortech
71,GT Protocol,GTAI,gt-protocol
72,AIT Protocol,AIT,ait-protocol
73,Botto,BOTTO,botto
74,iMe Lab,LIME,ime-lab
75,zKML,ZKML,zkml
76,Only1,LIKE,only1
77,NuNet,NTX,nunet
78,Zero1 Labs,DEAI,zero1-labs
79,Commune AI,COMAI,commune-ai
80,QnA3.AI,GPT,qna3ai
81,Apeiron,APRS,apeiron
82,SPECTRE AI,SPECTRE,spectre-ai
83,Volt Inu,VOLT,volt-inu-v2
84,Lumerin,LMR,lumerin
85,HyperGPT,HGPT,hypergpt
86,Ooki Protocol,OOKI,ooki-protocol
87,DeepBrain Chain,DBC,deepbrain-chain
88,Atlas Navi,NAVI,atlas-navi
89,GameGPT,DUEL,duel
90,Openfabric AI,OFN,openfabric-ai
91,Three Protocol Token,THREE,three-protocol-token
92,HotKeySwap,HOTKEY,hotkeyswap
93,DexCheck AI,DCK,dexcheck
94,Matrix AI Network,MAN,matrix-ai-network
95,TRVL,TRVL,trvl
96,Step App,FITFI,step-app
97,Ta-da,TADA,ta-da
98,Insights Network,INSTAR,insights-network
99,Crypto-AI-Robo.com,CAIR,crypto-ai-robo
100,Phantasma,SOUL,phantasma
101,PIBBLE,PIB,pibble
102,Nuco.cloud,NCDT,nuco-cloud
103,Big Data Protocol,BDP,big-data-protocol
104,Bad Idea AI,BAD,bad-idea-ai
105,bitsCrunch,BCUT,bitscrunch
106,AIPAD,AIPAD,aipad
107,Netvrk,NETVR,netvrk
108,Optimus AI,OPTI,optimus-ai
109,Swash,SWASH,swash
110,FABRK,FAB,fabrk
111,Omax Coin,OMAX,omax-token
112,Robonomics.network,XRT,robonomics-network
113,Covalent,CQT,covalent
114,imgnAI,IMGNAI,image-generation-ai
115,Bridge Oracle,BRG,bridge-oracle
116,SENATE,SENATE,senate
117,UnMarshal,MARSH,unmarshal
118,Presearch,PRE,presearch
119,TypeAI,TYPE,typeai
120,Edge Matrix Computing,EMC,edge-matrix-computing
121,Lossless,LSS,lossless
122,Cogito Finance,CGV,cogito-protocol
123,Mozaic,MOZ,mozaic
124,Lambda,LAMB,lambda
125,Morpheus Infrastructure Node,MIND,morpheus-labs-v2
126,AXIS Token,AXIS,axis-token
127,AIgentX,AIX,aigentx
128,Ispolink,ISP,ispolink
129,PolkaBridge,PBR,polkabridge
130,Mobilian Coin,MBN,mobilian-coin
131,ClinTex CTi,CTI,clintex-cti
132,Effect AI,EFX,effect-ai
133,Lush AI,LUSH,lush-ai
134,MBD Financials,MBD,mbd-financials
135,ROOBEE,ROOBEE,roobee
136,Chirpley,CHRP,chirpley
137,B-cube.ai,BCUBE,b-cube-ai
138,Dock,DOCK,dock
139,PureFi Protocol,UFI,purefi-protocol
140,DxChain Token,DX,dxchain-token
141,Neurahub,NEURA,neurahub
142,CryptoPing,PING,cryptoping
143,WAM,WAM,wam-app
144,Dotmoovs,MOOV,dotmoovs
145,LBRY Credits,LBC,library-credits
146,TrustVerse,TRV,trustverse
147,GNY,GNY,gny
148,Lithium,LITH,lithium
149,ApeBond,ABOND,apebond
150,Idena,IDNA,idena
151,GoCrypto Token,GOC,gocrypto-token
152,Uno Re,UNO,unore
153,TRAVA.FINANCE,TRAVA,trava-finance
154,XMON,XMON,xmon
155,ProChain,PRA,prochain
156,Bird.Money,BIRD,bird-money
157,Aimedis (new),AIMX,aimedis-new
158,Cirus Foundation,CIRUS,cirus-foundation
159,aiRight,AIRI,airight
160,Metaverse Face,MEFA,metaverse-face
161,Project Pai,PAI,project-pai
162,MineBee,MB,minebee
163,Neurashi,NEI,neurashi
164,Gemach,GMAC,gemach
165,Artisse,CATHEON,catheon-gaming
166,All In,ALLIN,all-in
167,UTU Protocol,UTU,utu-protocol
168,BullBear AI,AIBB,bullbear-ai
169,Cryptoindex.com 100,CIX100,cryptoindex-com-100
170,Link Machine Learning,LML,link-machine-learning
171,Ties.DB,TIE,tiesdb
172,Ojamu,OJA,ojamu
173,Anchor Neural World,ANW,anchor-neural-world
174,Arcona,ARCONA,arcona
175,MetamonkeyAi,MMAI,metamonkeyai
176,OceanEx Token,OCE,oceanex-token
177,Raze Network,RAZE,raze-network
178,Datum,DAT,datum
179,BitClave,CAT,bitclave
180,Leadcoin,LDC,leadcoin
181,Triall,TRL,triall
182,YFDAI.FINANCE,YF-DAI,yfdai-finance
183,AdHive,ADH,adhive
184,SophiaTX,SPHTX,sophiatx
185,Elamachain,ELAMA,elamachain
186,Aitra,AITRA,aitra
187,Davinci Coin,DAC,davinci-coin
188,Pawtocol,UPI,pawtocol
189,Ubex,UBEX,ubex
190,AI Doctor,AIDOC,aidoc
191,DATx,DATX,datx
192,Connectome,CNTM,connectome
193,POLY AI,AI,poly-ai
194,Aventis Metaverse,AVTM,aventis-metaverse
195,Dtec,DTEC,dtec-token
196,Octavia AI,VIA,octavia
197,VirtuSwap,VRSW,virtuswap
198,Balance AI,BAI,balance-ai
199,BuildAI,BUILD,buildai
200,Acria.AI,ACRIA,acria
201,MultiDEX AI,MDX,multidex-ai
202,AlphaKEK.AI,AIKEK,alphakek-ai
203,KWAI,KWAI,kwai-labs
204,Mind,MND,mind
205,VectorChat.ai,CHAT,vectorchat-ai
206,Oracle AI,ORACLE,oracle-ai
207,Neuroni AI,NEURONI,neuroni-ai
208,InspireAI,INSP,inspireai
209,AI PIN,AI,ai-pin
210,Website AI,WEBAI,website-ai
211,LNDRY,LNDRY,lndry
212,Purple AI,PAI,purple-ai
213,AstraAI,ASTRA,astraai
214,Black Rabbit AI,BRAIN,black-rabbit-ai
215,Grow Token,GROW,grow-token
216,PaladinAI,PALAI,paladinai
217,Vuzz AI,VUZZ,vuzz-mind
218,McPepe's,PEPES,mcpepes
219,BurnifyAI,BURNIFYAI,burnifyai
220,Ring AI,RING,ring-ai
221,AITK,AITK,aitk
222,AI Network,AIN,ai-network
223,LayerAI,LAI,cryptogpt
224,VEROX,VRX,verox
225,Cipher Protocol,CIPHER,cipher-protocol
226,Roko,ROKO,roko
227,infraX,INFRA,infrax
228,Chat AI,AI,chat-ai
229,Next Gem AI,GEMAI,the-next-gem
230,AlphaRush AI,rushAI,alpharush
231,NeuralAI,NEURAL,neuralai
232,Resistor AI,TOR,resistor-ai
233,Uberstate RIT 2.0,RIT20,uberstate-inc
234,Acria.AI AIMARKET,AIMARKET,acria-ai-aimarket
235,Liza,LIZA,liza
236,Y8U,Y8U,y8u
237,Eternal AI,EAI,eternalai-org
238,AlphaScan AI,ASCN,alphascan
239,enqAI,enqAI,noisegpt
240,XANA,XETA,xana-new
241,Spectral,SPEC,spectral
242,Midway AI,MIDAI,midway-ai
243,Trace Network Labs,TRACE,trace-network-labs
244,inheritance Art,IAI,inheritance-art
245,Autonolas,OLAS,autonolas
246,Release Project,REL,release-project
247,KAELA Network,KAE,kaela-network
248,Quadency,QUAD,quadency
249,Jackal Protocol,JKL,jackal-protocol
250,Immutable,IMX,immutable-x
251,FLOKI,FLOKI,floki-inu
252,Notcoin,NOT,notcoin
253,Beam,BEAM,onbeam
254,MultiversX,EGLD,multiversx-egld
255,Axie Infinity,AXS,axie-infinity
256,Gala,GALA,gala
257,The Sandbox,SAND,the-sandbox
258,BinaryX,BNX,binaryx-new
259,Decentraland,MANA,decentraland
260,Ronin,RON,ronin
261,ApeCoin,APE,apecoin-ape
262,SuperVerse,SUPER,superfarm
263,WEMIX,WEMIX,wemix
264,Baby Doge Coin,BabyDoge,baby-doge-coin
265,GMT,GMT,green-metaverse-token
266,Echelon Prime,PRIME,echelon-prime
267,Enjin Coin,ENJ,enjin-coin
268,Saga,SAGA,saga
269,Big Time,BIGTIME,big-time
270,SKALE,SKL,skale-network
271,Illuvium,ILV,illuvium
272,Chromia,CHR,chromia
273,Gomining,Gomining,gomining-token
274,Pixels,PIXEL,pixels
275,Yield Guild Games,YGG,yield-guild-games
276,Kadena,KDA,kadena
277,Xai,XAI,xai-games
278,Decentral Games [Old],DG,decentral-games-old
279,WAX,WAXP,wax
280,Zentry,ZENT,zentry
281,Treasure,MAGIC,magic-token
282,Matr1x Fire,FIRE,matr1x-fire
283,Mines of Dalarnia,DAR,mines-of-dalarnia
284,Fusionist,ACE,fusionist
285,BORA,BORA,bora
286,Portal,PORTAL,portal-gaming
287,Hooked Protocol,HOOK,hooked-protocol
288,Nakamoto Games,NAKA,nakamoto-games
289,BakeryToken,BAKE,bakerytoken
290,XPLA,XPLA,xpla
291,Seedify.fund,SFUND,seedify-fund
292,MyNeighborAlice,ALICE,myneighboralice
293,Hashflow,HFT,hashflow
294,CUDOS,CUDOS,cudos
295,Wilder World,WILD,wilder-world
296,Undeads Games,UDS,undeads-games
297,Gods Unchained,GODS,gods-unchained
298,MOBOX,MBOX,mobox
299,RACA,RACA,radio-caca
300,Reef,REEF,reef
301,Myria,MYRIA,myria
302,Heroes of Mavia,MAVIA,heroes-of-mavia
303,Sweat Economy,SWEAT,sweat-economy
304,Alien Worlds,TLM,alien-worlds
305,GamerCoin,GHX,gamercoin
306,Ethernity Chain,ERN,ethernity-chain
307,Aavegotchi,GHST,aavegotchi
308,Pirate Nation,PIRATE,pirate-nation
309,Ultiverse,ULTI,ultiverse
310,Star Atlas DAO,POLIS,star-atlas-polis
311,Matr1x,MAX,matr1x
312,VIDT DAO,VIDT,vidt-dao
313,League of Kingdoms Arena,LOKA,league-of-kingdoms
314,FUNToken,FUN,funtoken
315,Biswap,BSW,biswap
316,Star Atlas,ATLAS,star-atlas
317,Victoria VR,VR,victoria-vr
318,Verasity,VRA,verasity
319,Ultra,UOS,ultra
320,Voxies,VOXEL,voxies
321,KARRAT,KARRAT,karrat
322,Games for a Living,GFAL,games-for-a-living
323,COMBO,COMBO,combo-network
324,PlayDapp,PDA,playdapp
325,GameFi.org,GAFI,gamefi
326,SIDUS,SIDUS,sidus
327,Zukiverse,ZUKI,zuki-moba
328,GameStop,GME,gme
329,The Root Network,ROOT,the-root-network
330,BurgerCities,BURGER,burger-cities
331,ZTX,ZTX,ztx
332,Guild of Guardians,GOG,guild-of-guardians
333,Moon Tropica,CAH,moon-tropica
334,Cornucopias,COPI,cornucopias
335,Cere Network,CERE,cere-network
336,MON Protocol,MON,mon
337,Creo Engine,CREO,creo-engine
338,GAMEE,GMEE,gamee
339,Altura,ALU,altura
340,Aurory,AURY,aurory
341,zkRace,ZERC,derace
342,DeFi Kingdoms,JEWEL,defi-kingdoms
343,Gaimin,GMRX,gaimin
344,Katana Inu,KATA,katana-inu
345,WAGMI Games,WAGMIGAMES,wagmi-game-2
346,Apeiron,APRS,apeiron
347,Volt Inu,VOLT,volt-inu-v2
348,Pomerium,PMG,pomerium-ecosystem-token
349,BADMAD ROBOTS,METAL,drunk-robots
350,Ben the Dog,BENDOG,ben-the-dog
351,HELLO Labs,HELLO,hello-labs
352,Dvision Network,DVI,dvision-network
353,BreederDAO,BREED,breederdao
354,Splintershards,SPS,splintershards
355,UFO Gaming,UFO,ufo-gaming
356,GameGPT,DUEL,duel
357,Devve,DEVVE,devve
358,Cross The Ages,CTA,cross-the-ages
359,Saito,SAITO,saito
360,Octokn,OTK,octo-gaming
361,CateCoin,CATE,catecoin
362,Metacade,MCADE,metacade
363,Bag.win,BAG,bag-coin
364,Adshares,ADS,adshares
365,Efinity Token,EFI,efinity
366,NFT Worlds,WRLD,nft-worlds
367,Step App,FITFI,step-app
368,YooShi,YOOSHI,yooshi
369,KOMPETE,KOMPETE,kompete
370,Doge Dash,DOGEDASH,doge-dash
371,GAM3S.GG,G3,gam3s-gg
372,Farcana,FAR,farcana
373,QORPO WORLD,QORPO,qorpo
374,Phantasma,SOUL,phantasma
375,PlayZap,PZP,playzap
376,UNKJD,MBS,unkjd
377,Crypton,CRP,utopia
378,GameZone,GZONE,gamezone
379,BLOCKLORDS,LRDS,blocklords
380,MetaTrace,TRC,metatrace
381,Astrafer,ASTRAFER,astrafer
382,Pikamoon,PIKA,pikamoon-pika
383,PLAYA3ULL GAMES,3ULL,playa3ull
384,Netvrk,NETVR,netvrk
385,Akita Inu,AKITA,akita-inu
386,REVV,REVV,revv
387,Genopets,GENE,genopets
388,EPIK Prime,EPIK,epik-prime
389,ISKRA Token,ISK,iskra
390,Shrapnel,SHRAP,shrapnel-com
391,Hoge Finance,HOGE,hoge-finance
392,GameSwift,GSWIFT,gameswift
393,Decimated,DIO,decimated
394,PLANET,PLANET,planettoken
395,Catboy,CATBOY,cat-boy
396,BlockGames,BLOCK,blockgames
397,MagicCraft,MCRT,magiccraft
398,Lotto,LOTTO,lotto
399,SENATE,SENATE,senate
400,Medieval Empires,MEE,medieval-empires
401,Gameswap,GSWAP,gameswap
402,Smart Layer Network,SLN,smart-layer-network
403,Dark Frontiers,DARK,dark-frontiers
404,DeFi Land,DFL,defi-land
405,BRN Metaverse,BRN,brn-metaverse
406,Orbofi AI,OBI,orbofi-ai
407,Sinverse,SIN,sincity-token
408,YOM,YOM,your-open-metaverse
409,Wownero,WOW,wownero
410,BloodLoop,BLS,bloodloop
411,TOWER,TOWER,tower-token
412,Dypius [New],DYP,defi-yield-protocol-v2
413,Reality Metaverse,RMV,reality-metaverse
414,Reboot,GG,reboot
415,Bubble,BUBBLE,bubble-imaginaryones
416,Thetan World,THG,thetan-arena
417,Exeedme,XED,exeedme
418,DeHub,DHB,dehub
419,Gamestarter,GAME,gamestarter
420,Blink Galaxy,GQ,outer-ring-mmo-gq
421,Xaya,CHI,xaya
422,Unikoin Gold,UKG,unikoin-gold
423,DOGAMÍ,DOGA,dogami
424,Medacoin,MEDA,medacoin
425,BabySwap,BABY,babyswap
426,Morra,MORRA,morra
427,Affyn,FYN,affyn
428,Vidya,VIDYA,vidya
429,ZooKeeper,ZOO,zookeeper
430,holoride,RIDE,holoride
431,My DeFi Pet,DPET,my-defi-pet
432,MetalCore,MCG,metalcore
433,Aether Games,AEG,aethergames
434,Decentrawood,DEOD,decentrawood
435,Wombat Web 3 Gaming Platform,WOMBAT,wombat-web-3-gaming-platform
436,DinoLFG,DINO,dinolfg
437,Battle World,BWO,battle-world
438,X World Games,XWG,x-world-games
439,LandRocker,LRT,landrocker
440,WAM,WAM,wam-app
441,Dotmoovs,MOOV,dotmoovs
442,MARS4,MARS4,mars4
443,Rebel Bots,RBLS,rebel-bots
444,Cryowar,CWAR,cryowar
445,Revomon,REVO,revomon
446,Veloce,VEXT,veloce-vext
447,Crypto Unicorns,CU,crypto-unicorns
448,FEAR,FEAR,fear-nfts
449,Monsta Infinite,MONI,monsta-infinite
450,Niftyx Protocol,SHROOM,niftyx-protocol
451,VisionGame,VISION,vision-game
452,ChainGuardians,CGG,chain-guardians
453,GuildFi,GF,guildfi
454,Wall Street Games (old),WSG,wall-street-games
455,Fabwelt,WELT,fabwelt
456,NFTb,NFTB,nftb
457,Exverse,EXVG,exverse
458,Heroes Chained,HEC,heroes-chained
459,Rainbow Token,RBW,rainbowtoken
460,SafeMoon Inu,SMI,safemoon-inu
461,Planet Mojo,MOJO,planet-mojo
462,IQeon,IQN,iqeon
463,Sekuya Multiverse,SKYA,sekuya-multiverse
464,MobileGo,MGO,mobilego
465,Captain Tsubasa,TSUGT,captain-tsubasa
466,Databits,DTB,databits
467,OneRare Foodverse,ORARE,onerare
468,Clash Token,SCT,clash-token
469,Binamon,BMON,binamon
470,XCarnival,XCV,xcarnival
471,Eldarune,ELDA,eldarune
472,Wall Street Games,WSG,wall-street-games-new
473,Unix Gaming,UNIX,unix-gaming
474,Blockchain Monster Hunt,BCMC,blockchain-monster-hunt
475,Elemon,ELMON,elemon
476,Icon.X World,ICNX,icon-x-world
477,STARSHIP,STARSHIP,starship
478,Meme Alliance,MMA,meme-alliance
479,Castle of Blackwater,COBE,castle-of-blackwater
480,Kingdomverse,KING,kingdomverse
481,Vanilla Network,VNLA,vanilla-network
482,Wrapped Origin Axie,WOA,wrapped-origin-axie
483,Dreams Quest,DREAMS,dreams-quest
484,The Unfettered Ecosystem,SOULS,the-unfettered
485,Magical Blocks,MBLK,magical-blocks
486,Kaby Arena,KABY,kaby-arena
487,Legends of Elysium,LOE,legends-of-elysium
488,Protocol Monsters,PMON,polkamon
489,Revolve Games,RPG,revolve-games
490,Artisse,CATHEON,catheon-gaming
491,Playermon,PYM,playermon
492,ugChain,UGC,ugchain
493,Token IN,TIN,token-in
494,Royale Finance,ROYA,royale-finance
495,RealFevr,FEVR,realfevr
496,Monsterra (MSTR),MSTR,monsterra
497,SHILL Token,SHILL,project-seed
498,BullBear AI,AIBB,bullbear-ai
499,Nemesis Downfall,ND,nemesis-downfall
500,Mars Token,MRST,mars-token
501,Kryptomon,KMON,kryptomon
502,MetaFighter,MF,metafighter
503,Wizardia,WZRD,wizardia
504,Forest Knight,KNIGHT,forest-knight
505,The QWAN,QWAN,the-qwan
506,Chain of Legends,CLEG,chain-of-legends
507,Ninneko,NINO,ninneko
508,CryptoBlades,SKILL,cryptoblades
509,Mist,MIST,mist
510,Crabada,CRA,crabada
511,Binemon,BIN,binemon
512,POLKER,PKR,polker
513,DFSocial Gaming [old],DFSOCIAL,defisocial-gaming
514,Wrapped Gen-0 CryptoKitties,WG0,wrapped-gen-0-cryptokitties
515,FaraLand,FARA,faraland
516,ASPO World,ASPO,aspo-world
517,CryptoTycoon,CTT,cryptotycoon
518,My Master War,MAT,my-master-war
519,Carbon,CARBON,carbon
520,Dawn Protocol,DAWN,dawn-protocol
521,RaceFi,RACEFI,racefi
522,HEROcoin,PLAY,herocoin
523,GameCredits,GAME,gamecredits
524,Defina Finance,FINA,defina-finance
525,Refereum,RFR,refereum
526,Gunstar Metaverse,GSTS,gunstar-metaverse
527,DOSE,DOSE,dose
528,The Crypto Prophecies,TCP,the-crypto-prophecies
529,Elpis Battle,EBA,elpis-battle
530,Mochi Market,MOMA,mochi-market
531,Refinable,FINE,refinable
532,PolkaWar,PWAR,polkawar
533,The HUSL,HUSL,the-husl
534,ROCKI,ROCKI,rocki
535,Genesis Worlds,GENESIS,genesis-worlds
536,Nexium,NXC,nexium
537,TheForce Trade,FOC,theforce-trade
538,SolChicks Token,CHICKS,solchicks-token
539,Bowled.io,BWLD,bowled
540,MicroPets (OLD),PETS,micropets
541,IQ Protocol,IQT,iq-protocol
542,EtherSportz,ESZ,ethersportz
543,COGI,COGI,9d-nft
544,Crypto Sports Network,CSPN,crypto-sports
545,DinoX,DNXC,dinox
546,DFSocial Gaming,DFSG,defisocial-gaming-new
547,AirNFTs,AIRT,airnfts
548,MMOCoin,MMO,mmocoin
549,Crypto Kombat,KOMBAT,crypto-kombat
550,BetU,BETU,betu
551,DeFi Degen Land,DDL,defi-degen-land
552,CryptoTanks,TANK,cryptotanks
553,GamyFi Platform,GFX,gamyfi-platform
554,BEMIL Coin,BEM,bemil-coin
555,Rune,RUNE,rune
556,StarTerra,STT,starterra
557,MetaShooter,MHUNT,metashooter
558,Nitro,NOX,nitro
559,Twinci,TWIN,twinci
560,Era Token (Era7),ERA,era-token
561,Step Hero,HERO,step-hero
562,Bitspawn,SPWN,bitspawn-protocol
563,Warena,RENA,warena
564,Cryptopolis,CPO,cryptopolis
565,HeroFi,HEROEGG,herofi
566,Crypto Piece,BELLY,crypto-piece
567,HeroFi (ROFI),ROFI,rofi
568,FOTA - Fight Of The Ages,FOTA,fota
569,Avaxtars Token,AVXT,avaxtars
570,RUSH COIN,RUSH,rush-coin
571,CryptoPlanes,CPAN,cryptoplanes
572,Dracula Token,DRC,dracula-token
573,Nomad Exiles,PRIDE,nomad-exiles
574,Citizen Finance V2,CIFI,citizen-finance-v2
575,C2X,CTX,c2x
576,Etherpets,EPETS,etherpets
577,Web3Games.com,WGT,web3games
578,Dope Wars Paper,PAPER,dope-wars-paper
579,Unagi Token,UNA,unagi-token
580,Snook,SNK,snook
581,Berry,BERRY,pixels-berry
582,Pearl,PEARL,crypto-bay
583,Dynasty Wars,DWARS,dynasty-wars
584,Taroverse,TARO,taroverse
585,SPONGE,SPONGE,sponge-token
586,Memefi Toybox 404,TOYBOX,memefi-toybox-404
587,Samurai Legends,SMG,samurai-legends
588,Meme Lordz [OLD],$LORDZ,meme-lordz
589,REAKTOR,RKR,reaktor
590,Bountie Hunter,BOUNTIE,bountie
591,ELLERIUM (NEW),ELM,ellerium-new
592,Realm,REALM,realm
593,Anima Spirit Gem,ASG,nekoverse-city-of-greed-anima-spirit-gem
594,ECOMI,OMI,ecomi-new
595,Okex Fly,OKFLY,okex-fly
596,Altered State Token,ASTO,altered-state-token
597,HiFi Gaming Society,HIFI,hifi-gaming-society
598,Metahorse Unity,MUNITY,metahorse-unity
599,Vulcano,VULC,vulcano
600,Forgotten Playland,FP,forgotten-playland
601,Aavegotchi FOMO,FOMO,aavegotchi-fomo
602,Golden Zen Token,GZT,golden-zen-token
603,Warped Games,WARPED,warped-games
604,Basescape,SCAPE,basescape
605,Doge Universe,SPACEXDOGE,doge-universe
606,Nirvana,VANA,nirvana
607,Heroes & Empires,HE,heroes-and-empires
608,Memes vs Undead,MVU,memes-vs-undead
609,FolkWarriors,FOLK,folkwarriors
610,Aradena,AG,aradena
611,HeroVerse,HER,heroverse
612,Derby Stars,DSRUN,derby-stars
613,Step Hero Soul,STEP,step-hero-step
614,Medamon,MON,medamon
615,Hero Arena,HERA,hero-arena
616,Devomon,EVO,devomon
617,BladeWarrior,BLADE,bladewarrior
618,GrapeCoin,GRAPE,grapecoin
619,GnomeLand,GNOME,gnomeland
620,Bitcoin Cats,1CAT,bitcoin-cats
621,Tongochi,PET,tongochi
622,Meme Kombat,MK,meme-kombat
623,Meta Spatial,SPAT,meta-spatial
624,Matthew Box 404,MB4,project-matthew
625,Gem Guardian,GEMG,gemguardian
626,StarHeroes,STAR,starheroes
627,Avaxtars Token,AVXT,avaxtars-token
628,xPET tech,XPET,xpet-tech
629,Raini Studios Token,RST,raini-studios-token
630,Undead Blocks,UNDEAD,undead-blocks
631,X Protocol,POT,x-protocol
632,Xtremeverse,XTREME,xtremeverse
633,Block Farm Club,BFC,block-farm
634,Revenant,GAMEFI,revenant
635,Besa Gaming,BESA,besa-gaming
636,Snail Trail,SLIME,snail-trail
637,TryHards,TRYHARDS,tryhards
638,xPET tech BPET,BPET,bpet
639,Outlanders,LAND,outlanders
640,Capverse,CAP,capverse
641,Gambit,GAMBIT,gambit-game
642,SPACE SIP,SIP,space-sip
643,CASHCAB,CAB,cashcab
644,Two Lands,LANDS,two-lands
645,Gaming-T-Bot,GTBOT,gaming-t-bot
646,Puff The Dragon,PUFF,puff-the-dragon
647,WonderHero,WND,wonderhero
648,PanoVerse,PANO,panoverse
649,Ozone Metaverse,OZONE,ozone-metaverse
650,Dogecoin,DOGE,dogecoin
651,Shiba Inu,SHIB,shiba-inu
652,Pepe,PEPE,pepe
653,dogwifhat,WIF,dogwifhat
654,FLOKI,FLOKI,floki-inu
655,Brett (Based),BRETT,based-brett
656,Popcat (SOL),POPCAT,popcat-sol
657,DOGS,DOGS,dogs
658,BOOK OF MEME,BOME,book-of-meme
659,cat in a dogs world,MEW,mew
660,First Neiro On Ethereum,NEIRO,first-neiro-on-ethereum
661,Baby Doge Coin,BabyDoge,baby-doge-coin
662,Mog Coin,MOG,mog-coin
663,SUNDOG,SUNDOG,sundog
664,Turbo,TURBO,turbo
665,PepeCoin,PEPECOIN,pepecoin
666,Memecoin,MEME,meme
667,Simon's Cat,CAT,simonscat
668,Dog (Runes),DOG,dog-go-to-the-moon-rune
669,Osaka Protocol,OSAK,osaka-protocol
670,Ponke,PONKE,ponke
671,Gigachad,GIGA,gigachad-meme
672,Non-Playable Coin,NPC,non-playable-coin
673,Coq Inu,COQ,coq-inu
674,BOBO,BOBO,bobo-coin
675,Bone ShibaSwap,BONE,bone-shibaswap
676,MAGA,TRUMP,maga
677,HarryPotterObamaSonic10Inu (ERC-20),BITCOIN,harrypotterobamasonic10inu-eth
678,Apu Apustaja,APU,apu-apustaja
679,SLERF,SLERF,slerf
680,Mumu the Bull,MUMU,mumu-ing
681,Neiro Ethereum,NEIRO,neiro-eth
682,PepeFork,PORK,pepefork
683,Dogelon Mars,ELON,dogelon
684,Myro,MYRO,myro
685,ANDY (ETH),ANDY,boysclubandy
686,Milady Meme Coin,LADYS,milady-meme-coin
687,Wen,WEN,wen
688,michi (SOL),$MICHI,michi
689,ShibaBitcoin,SHIBTC,shibabitcoin
690,Mother Iggy,MOTHER,mother-iggy
691,TokenFi,TOKEN,tokenfi
692,Kendu Inu,KENDU,kendu-inu
693,Amaterasu Omikami,OMIKAMI,amaterasu-omikami
694,MANEKI,MANEKI,maneki-coin
695,PeiPei (ETH),PEIPEI,peipei-coin
696,ArbDoge AI,AIDOGE,arbdoge-ai
697,Snek,SNEK,snek
698,Daddy Tate,DADDY,daddy-tate
699,Degen,DEGEN,degen-base
700,Toshi,TOSHI,toshithecat
701,RETARDIO,RETARDIO,retardio
702,SPX6900,SPX,spx6900
703,MAGA,MAGA,maga-ethereum
704,RichQUACK.com,QUACK,richquack-com
705,crow with knife,CAW,crow-with-knife
706,Pepe Cash,PEPECASH,pepe-cash
707,Hoppy,HOPPY,hoppy-coin
708,Grok,GROK,grok-erc
709,FEED EVERY GORILLA,FEG,feed-every-gorilla
710,Kishu Inu,KISHU,kishu-inu
711,GameStop,GME,gme
712,Samoyedcoin,SAMO,samoyedcoin
713,catwifhat,CWIF,catwifhatsolana
714,PUPS (Ordinals),PUPS,pups-ordinals
715,Ginnan The Cat,GINNAN,ginnan-the-cat
716,Billy,BILLY,billy
717,8-Bit Coin,COIN,mario-coin
718,Foxsy AI,FOXSY,foxsy-ai
719,MonaCoin,MONA,monacoin
720,MUNCAT,MUNCAT,muncat
721,LandWolf (SOL),WOLF,landwolf-sol
722,BOB (ETH),BOB,bob1
723,Smog,SMOG,smog
724,Invest Zone,IVfun,invest-zone
725,Basenji,BENJI,basenjibase
726,Troll,TROLL,troll-new
727,Hege,HEGE,hege
728,Wrapped Dog,WDOG,wrapped-dog
729,Pitbull,PIT,pitbull
730,Katana Inu,KATA,katana-inu
731,Pepe 2.0,PEPE2.0,pepe-2-0
732,Volt Inu,VOLT,volt-inu-v2
733,SAD HAMSTER,HAMMY,sad-hamster
734,Ben the Dog,BENDOG,ben-the-dog
735,PAW,PAW,pawswap
736,Shark Cat,SC,shark-cat
737,Jesus Coin,JESUS,jesus-toys
738,DUKO,DUKO,duko
739,Brainlet,BRAINLET,brainlet
740,Slothana,SLOTH,slothana
741,LOBO•THE•WOLF•PUP,LOBO,lobo-the-wolf-pup
742,nubcat,NUB,nubcat
743,Vita Inu,VINU,vita-inu
744,Super Trump Coin,STRUMP,super-trump-io
745,Nya,NYA,nya
746,CateCoin,CATE,catecoin
747,Doge Eat Doge,OMNOM,doge-eat-doge
748,Mochi (New),MOCHI,mochi-the-catcoin-new
749,Pikaboss,PIKA,pikachu
750,CatDog,CATDOG,catdog-io
751,Starlink,STARL,star-link
752,BobaCat,PSPS,bobacat
753,Solama,SOLAMA,solama
754,POOH,POOH,pooh
755,Rain Coin,RAIN,rain-coin
756,Doge Dash,DOGEDASH,doge-dash
757,Dogechain,DC,dogechain
758,Hemule,HEMULE,hemule
759,monkey shit inu,MSI,monkey-shit-inu
760,Baby Bonk,BABYBONK,baby-bonk-coin
761,MongCoin,$MONG,mongcoin
762,Bad Idea AI,BAD,bad-idea-ai
763,Wall Street Memes,WSM,wall-street-memes
764,Akita Inu,AKITA,akita-inu
765,Optimus AI,OPTI,optimus-ai
766,Department Of Government Efficiency (dogegov.com),DOGE,department-of-government-efficiency-token
767,CATAMOTO,CATA,catamoto-cat
768,Fofar (fofar.meme),FOFAR,fofar-tron
769,Shina Inu,SHI,shina-inu
770,Banano,BAN,banano
771,Dejitaru Tsuka,TSUKA,dejitaru-tsuka
772,Hoge Finance,HOGE,hoge-finance
773,Neiro (neiro.lol),NEIRO,neiro-sol-2
774,BEFE,BEFE,befe
775,DogeBonk,DOBO,dogebonk
776,Moutai,MOUTAI,moutai
777,Windoge98,EXE,windoge98
778,CumRocket,CUMMIES,cumrocket
779,KiboShib,KIBSHI,kiboshib
780,The First Youtube Cat,PAJAMAS,the-first-youtube-cat
781,Shiba Predator,QOM,shiba-predator
782,Byte,BYTE,byte
783,Real Smurf Cat,SMURFCAT,real-smurf-cat-eth
784,Milady Wif Hat,LADYF,milady-wif-hat
785,Povel Durev,DUREV,povel-durev
786,Crash,CRASH,crash-on-base
787,Chickencoin,CHKN,chickencoin
788,Wat,WAT,wat
789,Cheems,CHEEMS,cheems
790,Elon MemeLord,ELON,elon0x69420
791,Coconut Chicken,CCC,coconut-chicken
792,Wownero,WOW,wownero
793,HUND,HUND,hund-meme-coin
794,analoS,ANALOS,analos
795,ETHEREUM IS GOOD,EBULL,ethereum-is-good
796,TORSY,torsy,torsy
797,Hosky Token,HOSKY,hosky-token
798,Success Kid,SKID,success-kid-sol
799,Andy on SOL,ANDY,andy-on-sol
800,MAGA VP,MVP,maga-vp
801,neversol,NEVER,neversol
802,BILL THE BEAR,BILL,bill-the-bear
803,K9 Finance,KNINE,k9-finance
804,Baby Trump (BSC),BABYTRUMP,baby-trump-bnb
805,HAMI,HAMI,hami
806,Roost Coin,ROOST,roost-coin
807,Fuku-Kun,FUKU,fuku-kun
808,DinoLFG,DINO,dinolfg
809,Powsche,POWSCHE,powsche
810,Tamadoge,TAMA,tamadoge
811,Moby,MOBY,mobyonbase
812,Honk,HONK,honk
813,Gecko Inu,GEC,gecko-inu
814,YOUNES,YOUNES,younes
815,Meme Ai,MEMEAI,meme-ai-token
816,BABYTRUMP,BABYTRUMP,babytrump
817,Boss Token,BOSS,boss-token
818,BOZO,BOZO,bozo
819,Gary Banking,GB,gary-banking
820,Sheboshis,SHEB,sheb
821,UTYABSWAP,UTYAB,utya-black
822,MintMe.com Coin,MINTME,mintme-com-coin
823,Hawk Tuah,HAWKTUAH,hawk-tuah
824,Carlo,CARLO,carlo
825,ELMOERC,ELMO,elmoerc
826,Dogey-Inu,DINU,dogey-inu
827,Dingocoin,DINGO,dingocoin
828,Long,LONG,long-fun
829,CatSolHat,SOLCAT,catsolhat
830,King Shiba,KINGSHIB,king-shiba
831,Trog,TROG,trog
832,KittenWifHat,KITTENWIF,kittenwifhat
833,DeFrogs,DEFROGS,defrogs
834,Wiggly Willy,WIWI,wiggly-willy
835,sunpepe,SUNPEPE,sunpepe
836,MeowCat,MEOW,meowcat-xyz
837,DOGGY,DOGGY,doggy
838,Pepoclown,HONK,pepoclown
839,Green Shiba Inu [New],GINUX,green-shiba-inu-new
840,Baby,BABY,baby-sol
841,Pussy Financial,PUSSY,pussy-financial
842,KEK,KEKE,kek
843,What's Updog,UPDOG,whats-updog
844,SafeMoon Inu,SMI,safemoon-inu
845,catgirl,CATGIRL,catgirl
846,The Dons,DONS,the-dons
847,Soyjak,SOY,soyjak
848,WOOF,WOOF,woof
849,DOGWIFHOOD,WIF,dogwifhood
850,Eggdog,EGG,eggdog
851,REKT,$REKT,rektcoin-new
852,Loser Coin,LOWB,loser-coin
853,ROD.AI,RODAI,rod-ai
854,FOMO BULL CLUB,FOMO,fomo-bull-club
855,Cat Token,CAT,cat-token
856,BULLS,BULLS,bulls-meme
857,Rotten,ROT,rotten
858,WaifuAI,WFAI,waifuai
859,Shib Original Vision,SOV,shib-original-vision
860,Bruh,BRUH,bruh-eth
861,Papu Token,PAPU,papu-token
862,DOGEFI,DOGEFI,dogefi
863,Nutcoin,NUT,nutcoin-org
864,HarryPotterObamaPacMan8Inu,XRP,harrypotterobamapacman8inu
865,Papi,PAPI,papi
866,X,X,xerc20-pro
867,BullBear AI,AIBB,bullbear-ai
868,YAWN [Old],$YAWN,yawn
869,SHIBAVAX,SHIBX,shibavax
870,Oggy Inu (BSC),OGGY,oggy-inu
871,Oggy Inu (ETH),OGGY,oggy-inu-eth
872,Donkey King,DOKY,donkey-king
873,Make America Based Again,MABA,make-america-based-again
874,SAITAMA INU,SAITAMA,saitama-eth
875,Caitlyn Jenner (ETH),JENNER,caitlyn-jenner-eth
876,Solzilla,SOLZILLA,solzilla
877,Kangal,KANGAL,kangal
878,DOGEMOB,DOGEMOB,dogemob
879,Based Shiba Inu,BSHIB,based-shiba-inu
880,CZ THE GOAT,CZGOAT,cz-the-goat
881,KING,KING,king
882,SNOOPYBABE,SBABE,snoopybabe
883,NeverSurrenderOne's,NSO,neversurrenderones
884,Nvidia Inu,NINU,nvidia-inu
885,PengyOS,POS,pengy
886,Dogy,DOGY,dogy
887,Dragonball Z Tribute,DBZ,dragonball-z-tribute
888,Godcat Exploding Kittens,GODCAT,godcatexplodingkittens
889,Bufficorn,BUFFI,bufficorn
890,MAGE,MAGE,mage
891,Tate Stop,TME,tate-stop
892,404Aliens,404A,404aliens
893,MU DANK,DANK,mu-dank
894,HairyPlotterFTX,FTX,hairyplotterftx
895,SOHOTRN,SOHOT,sohotrn
896,Tendies,TEND,tendies
897,Dogeparty,XDP,dogeparty
898,CryptoPirates,OGMF,cryptopirates
899,Catman,CATMAN,catman
900,Samusky,SAMU,samusky
901,Hawk Tuah,HAWK,hawktuuuah
902,Dogs Of Elon,DOE,dogs-of-elon
903,Dogeswap,DOGES,dogeswap
904,Baguette Token,BGTT,baguette-token
905,Meme Cup,MEMECUP,meme-cup
906,Wrapped Dogecoin,WDOGE,wrapped-dogecoin
907,HODL,HODL,hodl
908,Jeo Boden,BODEN,jeo-boden
909,TORAH Token,TORAH,torah-token
910,pepewifhat,PWH,pepewifhat-sol
911,YourMom,MOM,yourmom
912,WHISKEY,WHISKEY,whiskey
913,Spix,SPX,spix
914,MarioCoin,MARIO,mariocoin
915,Chinese Doge Wow,$CHIDO,chinese-doge-wow
916,ハチ公,HACHIKO,hachiko-erc
917,Mr Potato Token,$MRPOTATO,mr-potato-token
918,Basetama,BTAMA,basetama
919,Smidge,SMIDGE,smidge-token
920,JeromeAndGary,JARY,jeromeandgary
921,Ponzi Inu,PINU,ponzi-inu
922,Dogey,DOGEY,dogey
923,Dork Lord,DORKY,dorklordeth
924,SibaInu,SIBA,sibainu
925,Black Sale,BLACKSALE,black-sale
926,TRUMP INU,TRUMP INU,trump-inu-coin
927,pre,PRE,pre
928,Blyat.Beer,BYT,blyat-beer
929,Take America Back,USA,take-america-back
930,Floki VS Pepe,FLEPE,floki-vs-pepe
931,BONFIRE,BONFIRE,bonfire-token
932,Hachi On Base,HACHI,hachi-on-base
933,Sigma Pepe,SPEPE,sigma-pepe
934,KAI KEN,KAI,kai-ken
935,PepeFloki,PEPEFLOKI,pepe-floki-meme
936,Da Pinchi,$PINCHI,da-pinchi
937,Mr Pepe,$PEPE,mr-pepe
938,MELLSTROY,MELLSTROY,mellstroy
939,Pepe Rew,PEPEREW,pepe-rew
940,GnomeLand,GNOME,gnomeland
941,ZAZA,ZAZA,zaza
942,LOAF CAT,LOAF,loaf-cat
943,World,WORLD,world-token-erc
944,Lacostoken,LCSN,lacostoken
945,Skulls of Pepe Token,SKOP,skulls-of-pepe-token
946,MAGA,TRUMP,maga-trump-me
947,POPO The GENIE,POPO,popo-the-genie
948,SOL ETF,SOLETF,sol-etf
949,Silly Duck,DUCK,silly-duck
950,PepeSquad,PEPESQ,pepesquad
951,Doland Tremp,TREMP,doland-tremp
952,Flappy,$FLAPPY,therealflappy
953,Spider Coin,SPIDERCOIN,spider-coin
954,BULL,BULL,bull
955,DOGE LEGION,DOGE LEGION,doge-legion
956,THE BIG LEZ SHOW,BIGLEZ,the-big-lez-show
957,HONGKONG INU,HONG,hongkong-inu
958,daCat,DACAT,dacat
959,Mad Penguin,MAD,mad-penguin
960,BOOM coin,BOOM,boom-eth
961,Doggensnout Skeptic,DOGS,doggensnout-skeptic
962,JOKER,JOKER,joker-token
963,Manga,MANGA,manga-eth
964,OG Mickey,MICKEY,og-mickey
965,Danjuan Cat,CAT,danjuan-cat
966,SOHA Global,SOHA,soha-global
967,THE BIG DEBATE,TBD,the-big-debate
968,MYRO DRAGON,MYRODRAGON,myro-dragon
969,Simpson Family,SMF,simpson-family
970,Hunter Fail,HUNTER,hunter-fail
971,Michi,MICHI,michi-bsc
972,Dummy,DUMMY,dummy
973,Tremp,TREMP,tremp
974,COFFEE,$COFEEE,coffee
975,Honey Badger,HUGO,honey-badger-hugo
976,Marvin on Base,MOB,marvin-on-base
977,Wolf Wif,BALLZ,wolf-wif
978,MortyPad,MORTYPAD,mortypad
979,Luna28,$LUNA,luna28
980,SheiShei,SHEI,sheishei
981,DeltaCoin,DELTA,deltacoin
982,CATERPILLAR,CPL,caterpillar
983,MUSK MEME,MUSKMEME,musk-meme
984,elizabath whoren,WHOREN,elizabath-whoren
985,Wolfy Inu,WOLFY,wolfy-inu
986,Meme Man,MAN,mememan-erc
987,DogGPT,DOGGPT,doggpt
988,Doogle,DOOGLE,doogle
989,MEGAHERO,MEGAHERO,megahero
990,Ben's Finale,FINALE,bens-finale
991,Lyra,LYRA,lyra-sol
992,Peplo Escobar,PEPLO,peplo-escobar
993,flokiwifhat,FIF,flokiwifhat
994,TURTUGA,TURTUGA,turtuga
995,RUTH,RUTH,ruth
996,TUCKER CARLSON,TUCKER,tucker-carlson
997,UNISWAPCommunitySystem888,UNISWAP,uniswapcommunitysystem888
998,Solnic,SOLNIC,solnic
999,BabyPepeFi,BABYPEPE,babypepefi
1000,Fofar (fofarbase.org),FOFAR,fofarbase
1001,ChadGPT,CHADGPT,chadgpt-cash
1002,Baby Jerry,BABYJERRY,baby-jerry
1003,REDZILLA COIN,REDZILLA,redzilla-coin
1004,Pepe AI,PEPEAI,pepe-ai-biz
1005,FF6000,FF6000,ff6000
1006,BERNIE SENDERS,BERNIE,bernie-senders
1007,Baby Mickey,BMICKEY,baby-mickey
1008,Shifu,SHIFU,shifu
1009,Phauntem,PHAUNTEM,phauntem
1010,wat,WAT,wat-bnb
1011,EGG SOL,EGG,egg
1012,Fossa Token,FOSSA,fossa-token
1013,PUNGU,PUNGU,pungu
1014,Myro Dog,MYROO,myro-dog
1015,President Robert F. Kennedy Jr,RFK,president-robert-f-kennedy-jr
1016,CHURRO-The Jupiter Dog,CHURRO,churro-the-jupiter-dog
1017,BASE CAT,BASECAT,base-cat
1018,JEDI Coin,JEDI,jedi-coin
1019,Baby Rats,BABYRATS,baby-rats
1020,MAGA,TRUMP,trump-financial
1021,PEME,PEME,peme
1022,Anubilix,ABX,anubilix
1023,Taylor Swift,SWIFTIES,taylor-swift
1024,Jason Derulo,JASON,jason-derulo
1025,INU,INU,ryoshi-inu
1026,bicho,BICHO,bicho
1027,Snoopy,SNOOPY,snoopy
1028,BabyBunny,$BABYBUNNY,babybunny
1029,Burnsdefi,BURNS,burnsdefi
1030,PeiPei 2.0,PEIPEI2.0,peipei-2-0
1031,Olaf Token,OT,olaf-token
1032,Chimpzee,CHMPZ,chimpzee
1033,Randall,SNITCH,randall
1034,John Xina,$XINA,john-xina
1035,Baby Maga,BABYMAGA,baby-maga-2
1036,Hachiko,HACHI,hachiko-run
1037,6 Pack Rick,6PR,6-pack-rick
1038,TRUMP2024,TRUMP2024,trump2024
1039,Gentleman,MAN,gentlemanonton
1040,Bubu,BUBU,bubu
1041,SUPER PEPE,PEPE,super-pepe
1042,Uranus (SOL),ANUS,uranus-sol
1043,American Coin,USA,american-coin
1044,Babylon Bee,BEE,babylon-bee
1045,LICKGOAT,LICK,lickgoat
1046,LumiChill,CHILL,lumichill
1047,Mewtwo Inu,MINU,mewtwo-inu-io
1048,Peng,PENG,peng-sol
1049,SEC,SEC,sec
1050,BlackRock,BLACKROCK,blackrock
1051,Wynn,WYNN,wynn
1052,Wanted,WANTED,wanted
1053,Son of Brett,BRATT,son-of-brett
1054,Johnny The Bull,JOHNNY,johnny-the-bull
1055,BOBO,BOBO,bobo-bear
1056,Molly,MOLLY,mollycoin
1057,HowInu,HOW,howinu
1058,TangYuan,TANGYUAN,tangyuan
1059,MeowMeowGirl,MMGIRL,meowmeowgirl
1060,Fox,FOX,fox
1061,FREN,FREN,fren-ada-peepos
1062,BabyBNB,BABYBNB,babybnb-baby
1063,Mona,MONA,mona-origin
1064,Pacman Blastoff,PACM,pacman-blastoff
1065,0xTracker,0XT,0xtracker
1066,Baby Honk,BABYHONK,baby-honk
1067,Big Bud,BUD,big-bud
1068,PVC Meta,PVC,pvc-meta
1069,Sealwifhat,SI,sealwifhat
1070,You Looked,CIRCLE,you-looked
1071,Mario Inu BSC,MARIO,mario-inu-bsc
1072,babydogwifhat,BABYWIF,babydogwifhat
1073,Everybody Holds,HOLD,everybody-holds
1074,XI JINPOOH,JINPOOH,xi-jinpooh
1075,Miu,MIU,miuonsol
1076,The Beatles Token Official,BEATLES,the-beatles-token-official
1077,Independence Token,RFKJ,independence-token
1078,Meow Meow Coin,MEOW,miaomiaomiaoerc20
1079,BONK INU,BONKINU,bonk-inu-bsc
1080,Nailong,NAI,nailong
1081,The OG Cheems Inu,OGCINU,the-og-cheems-inu
1082,HONK,HONK,honk-bsc
1083,The Inu,INU,the-inu
1084,Roaring Kitty,ROAR,og-roaring-kitty
1085,Dr. Livesey,LIVESEY,dr-livesey
1086,ApeWifHat,APEWIFHAT,apewifhat
1087,QinsMoon,QSM,qinsmoon
1088,DOGGY,DOGGY,doggycoin-vip
1089,Boobatoken,BOOBA,boobatoken
1090,Baby Toshi,BABYTOSHI,baby-toshi
1091,Pouwifhat,POU,pouwifhat
1092,American Shib,SHIBA,american-shib
1093,IKUN MEMES,IKUN,ikun-memes
1094,LONGTOTEM,LONG,longtotem
1095,Beers,BEER,beers
1096,Sun Tzu,TZU,sun-tzu
1097,Gondola,GONDOLA,gondola
1098,Mickey Mouse,MICKEY,mickey-mouse
1099,SUPER DRAGON,DRAGON,super-dragon
1100,Silly Goose,GOO,silly-goose
1101,Don Jr.,$DONJR,don-jr
1102,Steve,STEVE,steve-bsc
1103,Baby Binance,BABYBINANCE,baby-binance
1104,Dwarfy,$DWARFY,dwarfy
1105,BabySafuuGO,BBSGO,babysafuugo
1106,Pou,POU,pou
1107,FarLaunch,FAR,farlaunch
1108,BenPysopLoyalFinaleFF6000Inu,MILKIT,benpysoployalfinaleff6000inu
1109,Max,MAX,maxmeerk
1110,Pepe Wif Hat,PIF,pepe-wif-hat
1111,KokanKano,KOKAN,kokankano
1112,jeffry,JEFFRY,jeffry-lol
1113,Baby Pepe Fork,BABYPORK,baby-pepe-fork
1114,Catch a Jeet,CATCH,catch-a-jeet
1115,Junior,JUNIOR,junioronavax
1116,King Trump,KINGTRUMP,king-trump
1117,BABYTRUMP,BABYTRUMP,babytrumptoken-vip
1118,Habibti,BIBTI,habibti
1119,FLOKITA,FLOKITA,flokita
1120,ON GOD,ONG,on-god
1121,Zuzalu Inu,ZUZALU,zuzalu-inu
1122,Towelie,TOWELI,towelie-wtf
1123,Ducker,DUCKER,ducker
1124,Pigeon In Yellow Boots,PIGEON,pigeon-in-yellow-boots
1125,Purple Pepe,$PURPE,purple-pepe
1126,PepeFork2.0,PORK2.0,pepefork2-0
1127,GARY,GARY,garycoin
1128,Matt Furie's Mellow Man,MELLOW,matt-furies-mellow-man
1129,Sora Doge,SORADOGE,sora-doge
1130,Tuzki,TUZKI,tuzkibnb
1131,Mini Donald,BARRON,mini-donald
1132,BumbleBee,BEE,bumblebee
1133,Shin Chan,SHIN,shin-chan
1134,LONGFU,LONGFU,longfu
1135,Pepenator,NATOR,pepenator
1136,PEPEARMY,PEPEARMY,pepearmy
1137,BANKSY,BANKSY,banksy-fyi
1138,HE-MAN,HE-MAN,he-man
1139,Doomer,DOOM,doomer
1140,LANDLORD RONALD,$LANDLORD,landlord-ronald
1141,Girlfriend,$GF,girlfriend
1142,bozoHYBRID,BOZO,bozohybrid
1143,PEPI,PEPI,pepi-meme
1144,Fofar (fofar.tech),FOFAR,fofar-tech
1145,Pepegod,PEPEGOD,pepegod
1146,Bamboo on Base,BAMBOO,bamboo-on-base
1147,Base God,TYBG,base-god
1148,Jonny Five,JFIVE,jonny-five
1149,Beast,BEAST,beast-eth
1150,Avalanche,AVAX,avalanche
1151,Chainlink,LINK,chainlink
1152,VeChain,VET,vechain
1153,Maker,MKR,maker
1154,MANTRA,OM,mantra
1155,Quant,QNT,quant
1156,Ondo,ONDO,ondo-finance
1157,Synthetix,SNX,synthetix
1158,IOTA,IOTA,iota
1159,XDC Network,XDC,xdc-network
1160,Axelar,AXL,axelar
1161,Reserve Rights,RSR,reserve-rights
1162,OriginTrail,TRAC,origintrail
1163,Polymesh,POLYX,polymesh
1164,Centrifuge,CFG,centrifuge
1165,Chromia,CHR,chromia
1166,Chia,XCH,chia-network
1167,Ozone Chain,OZO,ozone-chain
1168,Chintai,CHEX,chex-token
1169,Lisk,LSK,lisk
1170,TrueFi,TRU,truefi-token
1171,Venus,XVS,venus
1172,Propy,PRO,propy
1173,Dusk,DUSK,dusk
1174,Maple,MPL,maple
1175,Polyhedra Network,ZKJ,polyhedra-network
1176,Clearpool,CPOOL,clearpool
1177,Oraichain,ORAI,oraichain-token
1178,Goldfinch,GFI,goldfinch-protocol
1179,Hifi Finance,HIFI,hifi-finance
1180,LTO Network,LTO,lto-network
1181,TokenFi,TOKEN,tokenfi
1182,Alkimi,ADS,alkimi
1183,ORIGYN,OGY,origyn-foundation
1184,Ribbon Finance,RBN,ribbon-finance
1185,Polymath,POLY,polymath-network
1186,Artrade,ATR,artrade
1187,Boson Protocol,BOSON,boson-protocol
1188,Propbase,PROPS,propbase
1189,StrikeX,STRX,strikecoin
1190,Parcl,PRCL,parcl
1191,Swarm Markets,SMT,swarm-markets
1192,Propchain,PROPC,propchain
1193,Nexera,NXRA,allianceblock-nexera
1194,Polytrade,TRADE,polytrade
1195,ELYSIA,EL,elysia
1196,Opulous,OPUL,opulous
1197,Electra Protocol,XEP,electra-protocol
1198,Brickken,BKN,brickken
1199,Comtech Gold,CGO,comtech-gold
1200,Lumerin,LMR,lumerin
1201,Credefi,CREDI,credefi
1202,Hathor,HTR,hathor
1203,Soil,SOIL,soil
1204,Blocksquare Token,BST,blocksquare-token
1205,KlimaDAO,KLIMA,klimadao
1206,Three Protocol Token,THREE,three-protocol-token
1207,BytomDAO,BTM,bytom
1208,TRVL,TRVL,trvl
1209,Stobox Token,STBU,stobox-token
1210,UBXS Token,UBXS,ubxs
1211,Landshare,LAND,landshare
1212,XDB CHAIN,XDB,xdbchain
1213,PLANET,PLANET,planettoken
1214,Everest,ID,everest
1215,Cogito Finance,CGV,cogito-protocol
1216,LandX Finance,LNDX,landx-finance
1217,Carnomaly,CARR,carnomaly-new
1218,MBD Financials,MBD,mbd-financials
1219,Horizon Protocol,HZN,horizon-protocol
1220,Veloce,VEXT,veloce-vext
1221,3DPass,P3D,3dpass
1222,Alvara Protocol,ALVA,alvara-protocol
1223,ApeBond,ABOND,apebond
1224,Uno Re,UNO,unore
1225,LABS Group,LABS,labs-group
1226,Acquire.Fi,ACQ,acquire-fi
1227,Ekta,EKTA,ekta
1228,Wagon Network,WAG,wagon-network
1229,Lucidao,LCD,lucidao
1230,Viridis Network,VRD,viridis-network
1231,NAOS Finance,NAOS,naos-finance
1232,VaporFund,VPR,vaporwallet
1233,Curio Gas Token,CGT,curio-governance
1234,CANTO,CANTO,canto
1235,Decentralized ETF,DETF,decentralized-etf
1236,Domani Protocol,DEXTF,dextf-protocol
1237,TMN Global,TMNG,tmn-global
1238,IX Swap,IXS,ix-swap
1239,LEOX,LEOX,galileo-protocol
1240,Grand Base,GB,grand-base
1241,Bluejay Finance,BLU,bluejay-finance
1242,Tiamonds,TIA,tia
1243,Angle,ANGLE,angle
1244,Evrmore,EVR,evrmore
1245,HOME3,HTS,home3
1246,Poison Finance,POI$ON,poison
1247,Defactor,FACTR,defactor
1248,OUSG,OUSG,ondo-short-term-us-government-bond-fund
1249,BilliCat,BCAT,polymoon
