name,symbol,slug
Immutable,IMX,immutable-x
FLOKI,FLOKI,floki-inu
Notcoin,NOT,notcoin
Beam,BEAM,onbeam
MultiversX,EGLD,multiversx-egld
Axie Infinity,AXS,axie-infinity
Gala,GALA,gala
The Sandbox,SAND,the-sandbox
BinaryX,BNX,binaryx-new
Decentraland,MANA,decentraland
Ronin,RON,ronin
ApeCoin,APE,apecoin-ape
SuperVerse,SUPER,superfarm
WEMIX,WEMIX,wemix
Baby Doge Coin,BabyDoge,baby-doge-coin
GMT,GMT,green-metaverse-token
Echelon Prime,PRIME,echelon-prime
Enjin Coin,ENJ,enjin-coin
Saga,SAGA,saga
Big Time,BIGTIME,big-time
SKALE,SKL,skale-network
Illuvium,ILV,illuvium
Chromia,CHR,chromia
Gomining,Gomining,gomining-token
Pixels,PIXEL,pixels
Yield Guild Games,YGG,yield-guild-games
Kadena,KDA,kadena
Xai,XAI,xai-games
Decentral Games [Old],DG,decentral-games-old
WAX,WAXP,wax
Zentry,ZENT,zentry
Treasure,MAGIC,magic-token
Matr1x Fire,FIRE,matr1x-fire
Mines of Dalarnia,DAR,mines-of-dalarnia
Fusionist,ACE,fusionist
BORA,BORA,bora
Portal,PORTAL,portal-gaming
Hooked Protocol,HOOK,hooked-protocol
Nakamoto Games,NAKA,nakamoto-games
BakeryToken,BAKE,bakerytoken
XPLA,XPLA,xpla
Seedify.fund,SFUND,seedify-fund
MyNeighborAlice,ALICE,myneighboralice
Hashflow,HFT,hashflow
CUDOS,CUDOS,cudos
Wilder World,WILD,wilder-world
Undeads Games,UDS,undeads-games
Gods Unchained,GODS,gods-unchained
MOBOX,MBOX,mobox
RACA,RACA,radio-caca
Reef,REEF,reef
Myria,MYRIA,myria
Heroes of Mavia,MAVIA,heroes-of-mavia
Sweat Economy,SWEAT,sweat-economy
Alien Worlds,TLM,alien-worlds
GamerCoin,GHX,gamercoin
Ethernity Chain,ERN,ethernity-chain
Aavegotchi,GHST,aavegotchi
Pirate Nation,PIRATE,pirate-nation
Ultiverse,ULTI,ultiverse
Star Atlas DAO,POLIS,star-atlas-polis
Matr1x,MAX,matr1x
VIDT DAO,VIDT,vidt-dao
League of Kingdoms Arena,LOKA,league-of-kingdoms
FUNToken,FUN,funtoken
Biswap,BSW,biswap
Star Atlas,ATLAS,star-atlas
Victoria VR,VR,victoria-vr
Verasity,VRA,verasity
Ultra,UOS,ultra
Voxies,VOXEL,voxies
KARRAT,KARRAT,karrat
Games for a Living,GFAL,games-for-a-living
COMBO,COMBO,combo-network
PlayDapp,PDA,playdapp
GameFi.org,GAFI,gamefi
SIDUS,SIDUS,sidus
Zukiverse,ZUKI,zuki-moba
GameStop,GME,gme
The Root Network,ROOT,the-root-network
BurgerCities,BURGER,burger-cities
ZTX,ZTX,ztx
Guild of Guardians,GOG,guild-of-guardians
Moon Tropica,CAH,moon-tropica
Cornucopias,COPI,cornucopias
Cere Network,CERE,cere-network
MON Protocol,MON,mon
Creo Engine,CREO,creo-engine
GAMEE,GMEE,gamee
Altura,ALU,altura
Aurory,AURY,aurory
zkRace,ZERC,derace
DeFi Kingdoms,JEWEL,defi-kingdoms
Gaimin,GMRX,gaimin
Katana Inu,KATA,katana-inu
WAGMI Games,WAGMIGAMES,wagmi-game-2
Apeiron,APRS,apeiron
Volt Inu,VOLT,volt-inu-v2
Pomerium,PMG,pomerium-ecosystem-token
BADMAD ROBOTS,METAL,drunk-robots
Ben the Dog,BENDOG,ben-the-dog
HELLO Labs,HELLO,hello-labs
Dvision Network,DVI,dvision-network
BreederDAO,BREED,breederdao
Splintershards,SPS,splintershards
UFO Gaming,UFO,ufo-gaming
GameGPT,DUEL,duel
Devve,DEVVE,devve
Cross The Ages,CTA,cross-the-ages
Saito,SAITO,saito
Octokn,OTK,octo-gaming
CateCoin,CATE,catecoin
Metacade,MCADE,metacade
Bag.win,BAG,bag-coin
Adshares,ADS,adshares
Efinity Token,EFI,efinity
NFT Worlds,WRLD,nft-worlds
Step App,FITFI,step-app
YooShi,YOOSHI,yooshi
KOMPETE,KOMPETE,kompete
Doge Dash,DOGEDASH,doge-dash
GAM3S.GG,G3,gam3s-gg
Farcana,FAR,farcana
QORPO WORLD,QORPO,qorpo
Phantasma,SOUL,phantasma
PlayZap,PZP,playzap
UNKJD,MBS,unkjd
Crypton,CRP,utopia
GameZone,GZONE,gamezone
BLOCKLORDS,LRDS,blocklords
MetaTrace,TRC,metatrace
Astrafer,ASTRAFER,astrafer
Pikamoon,PIKA,pikamoon-pika
PLAYA3ULL GAMES,3ULL,playa3ull
Netvrk,NETVR,netvrk
Akita Inu,AKITA,akita-inu
REVV,REVV,revv
Genopets,GENE,genopets
EPIK Prime,EPIK,epik-prime
ISKRA Token,ISK,iskra
Shrapnel,SHRAP,shrapnel-com
Hoge Finance,HOGE,hoge-finance
GameSwift,GSWIFT,gameswift
Decimated,DIO,decimated
PLANET,PLANET,planettoken
Catboy,CATBOY,cat-boy
BlockGames,BLOCK,blockgames
MagicCraft,MCRT,magiccraft
Lotto,LOTTO,lotto
SENATE,SENATE,senate
Medieval Empires,MEE,medieval-empires
Gameswap,GSWAP,gameswap
Smart Layer Network,SLN,smart-layer-network
Dark Frontiers,DARK,dark-frontiers
DeFi Land,DFL,defi-land
BRN Metaverse,BRN,brn-metaverse
Orbofi AI,OBI,orbofi-ai
Sinverse,SIN,sincity-token
YOM,YOM,your-open-metaverse
Wownero,WOW,wownero
BloodLoop,BLS,bloodloop
TOWER,TOWER,tower-token
Dypius [New],DYP,defi-yield-protocol-v2
Reality Metaverse,RMV,reality-metaverse
Reboot,GG,reboot
Bubble,BUBBLE,bubble-imaginaryones
Thetan World,THG,thetan-arena
Exeedme,XED,exeedme
DeHub,DHB,dehub
Gamestarter,GAME,gamestarter
Blink Galaxy,GQ,outer-ring-mmo-gq
Xaya,CHI,xaya
Unikoin Gold,UKG,unikoin-gold
DOGAM√ç,DOGA,dogami
Medacoin,MEDA,medacoin
BabySwap,BABY,babyswap
Morra,MORRA,morra
Affyn,FYN,affyn
Vidya,VIDYA,vidya
ZooKeeper,ZOO,zookeeper
holoride,RIDE,holoride
My DeFi Pet,DPET,my-defi-pet
MetalCore,MCG,metalcore
Aether Games,AEG,aethergames
Decentrawood,DEOD,decentrawood
Wombat Web 3 Gaming Platform,WOMBAT,wombat-web-3-gaming-platform
DinoLFG,DINO,dinolfg
Battle World,BWO,battle-world
X World Games,XWG,x-world-games
LandRocker,LRT,landrocker
WAM,WAM,wam-app
Dotmoovs,MOOV,dotmoovs
MARS4,MARS4,mars4
Rebel Bots,RBLS,rebel-bots
Cryowar,CWAR,cryowar
Revomon,REVO,revomon
Veloce,VEXT,veloce-vext
Crypto Unicorns,CU,crypto-unicorns
FEAR,FEAR,fear-nfts
Monsta Infinite,MONI,monsta-infinite
Niftyx Protocol,SHROOM,niftyx-protocol
VisionGame,VISION,vision-game
ChainGuardians,CGG,chain-guardians
GuildFi,GF,guildfi
Wall Street Games (old),WSG,wall-street-games
Fabwelt,WELT,fabwelt
NFTb,NFTB,nftb
Exverse,EXVG,exverse
Heroes Chained,HEC,heroes-chained
Rainbow Token,RBW,rainbowtoken
SafeMoon Inu,SMI,safemoon-inu
Planet Mojo,MOJO,planet-mojo
IQeon,IQN,iqeon
Sekuya Multiverse,SKYA,sekuya-multiverse
MobileGo,MGO,mobilego
Captain Tsubasa,TSUGT,captain-tsubasa
Databits,DTB,databits
OneRare Foodverse,ORARE,onerare
Clash Token,SCT,clash-token
Binamon,BMON,binamon
XCarnival,XCV,xcarnival
Eldarune,ELDA,eldarune
Wall Street Games,WSG,wall-street-games-new
Unix Gaming,UNIX,unix-gaming
Blockchain Monster Hunt,BCMC,blockchain-monster-hunt
Elemon,ELMON,elemon
Icon.X World,ICNX,icon-x-world
STARSHIP,STARSHIP,starship
Meme Alliance,MMA,meme-alliance
Castle of Blackwater,COBE,castle-of-blackwater
Kingdomverse,KING,kingdomverse
Vanilla Network,VNLA,vanilla-network
Wrapped Origin Axie,WOA,wrapped-origin-axie
Dreams Quest,DREAMS,dreams-quest
The Unfettered Ecosystem,SOULS,the-unfettered
Magical Blocks,MBLK,magical-blocks
Kaby Arena,KABY,kaby-arena
Legends of Elysium,LOE,legends-of-elysium
Protocol Monsters,PMON,polkamon
Revolve Games,RPG,revolve-games
Artisse,CATHEON,catheon-gaming
Playermon,PYM,playermon
ugChain,UGC,ugchain
Token IN,TIN,token-in
Royale Finance,ROYA,royale-finance
RealFevr,FEVR,realfevr
Monsterra (MSTR),MSTR,monsterra
SHILL Token,SHILL,project-seed
BullBear AI,AIBB,bullbear-ai
Nemesis Downfall,ND,nemesis-downfall
Mars Token,MRST,mars-token
Kryptomon,KMON,kryptomon
MetaFighter,MF,metafighter
Wizardia,WZRD,wizardia
Forest Knight,KNIGHT,forest-knight
The QWAN,QWAN,the-qwan
Chain of Legends,CLEG,chain-of-legends
Ninneko,NINO,ninneko
CryptoBlades,SKILL,cryptoblades
Mist,MIST,mist
Crabada,CRA,crabada
Binemon,BIN,binemon
POLKER,PKR,polker
DFSocial Gaming [old],DFSOCIAL,defisocial-gaming
Wrapped Gen-0 CryptoKitties,WG0,wrapped-gen-0-cryptokitties
FaraLand,FARA,faraland
ASPO World,ASPO,aspo-world
CryptoTycoon,CTT,cryptotycoon
My Master War,MAT,my-master-war
Carbon,CARBON,carbon
Dawn Protocol,DAWN,dawn-protocol
RaceFi,RACEFI,racefi
HEROcoin,PLAY,herocoin
GameCredits,GAME,gamecredits
Defina Finance,FINA,defina-finance
Refereum,RFR,refereum
Gunstar Metaverse,GSTS,gunstar-metaverse
DOSE,DOSE,dose
The Crypto Prophecies,TCP,the-crypto-prophecies
Elpis Battle,EBA,elpis-battle
Mochi Market,MOMA,mochi-market
Refinable,FINE,refinable
PolkaWar,PWAR,polkawar
The HUSL,HUSL,the-husl
ROCKI,ROCKI,rocki
Genesis Worlds,GENESIS,genesis-worlds
Nexium,NXC,nexium
TheForce Trade,FOC,theforce-trade
SolChicks Token,CHICKS,solchicks-token
Bowled.io,BWLD,bowled
MicroPets (OLD),PETS,micropets
IQ Protocol,IQT,iq-protocol
EtherSportz,ESZ,ethersportz
COGI,COGI,9d-nft
Crypto Sports Network,CSPN,crypto-sports
DinoX,DNXC,dinox
DFSocial Gaming,DFSG,defisocial-gaming-new
AirNFTs,AIRT,airnfts
MMOCoin,MMO,mmocoin
Crypto Kombat,KOMBAT,crypto-kombat
BetU,BETU,betu
DeFi Degen Land,DDL,defi-degen-land
CryptoTanks,TANK,cryptotanks
GamyFi Platform,GFX,gamyfi-platform
BEMIL Coin,BEM,bemil-coin
Rune,RUNE,rune
StarTerra,STT,starterra
MetaShooter,MHUNT,metashooter
Nitro,NOX,nitro
Twinci,TWIN,twinci
Era Token (Era7),ERA,era-token
Step Hero,HERO,step-hero
Bitspawn,SPWN,bitspawn-protocol
Warena,RENA,warena
Cryptopolis,CPO,cryptopolis
HeroFi,HEROEGG,herofi
Crypto Piece,BELLY,crypto-piece
HeroFi (ROFI),ROFI,rofi
FOTA - Fight Of The Ages,FOTA,fota
Avaxtars Token,AVXT,avaxtars
RUSH COIN,RUSH,rush-coin
CryptoPlanes,CPAN,cryptoplanes
Dracula Token,DRC,dracula-token
Nomad Exiles,PRIDE,nomad-exiles
Citizen Finance V2,CIFI,citizen-finance-v2
C2X,CTX,c2x
Etherpets,EPETS,etherpets
Web3Games.com,WGT,web3games
Dope Wars Paper,PAPER,dope-wars-paper
Unagi Token,UNA,unagi-token
Snook,SNK,snook
Berry,BERRY,pixels-berry
Pearl,PEARL,crypto-bay
Dynasty Wars,DWARS,dynasty-wars
Taroverse,TARO,taroverse
SPONGE,SPONGE,sponge-token
Memefi Toybox 404,TOYBOX,memefi-toybox-404
Samurai Legends,SMG,samurai-legends
Meme Lordz [OLD],$LORDZ,meme-lordz
REAKTOR,RKR,reaktor
Bountie Hunter,BOUNTIE,bountie
ELLERIUM (NEW),ELM,ellerium-new
Realm,REALM,realm
Anima Spirit Gem,ASG,nekoverse-city-of-greed-anima-spirit-gem
ECOMI,OMI,ecomi-new
Okex Fly,OKFLY,okex-fly
Altered State Token,ASTO,altered-state-token
HiFi Gaming Society,HIFI,hifi-gaming-society
Metahorse Unity,MUNITY,metahorse-unity
Vulcano,VULC,vulcano
Forgotten Playland,FP,forgotten-playland
Aavegotchi FOMO,FOMO,aavegotchi-fomo
Golden Zen Token,GZT,golden-zen-token
Warped Games,WARPED,warped-games
Basescape,SCAPE,basescape
Doge Universe,SPACEXDOGE,doge-universe
Nirvana,VANA,nirvana
Heroes & Empires,HE,heroes-and-empires
Memes vs Undead,MVU,memes-vs-undead
FolkWarriors,FOLK,folkwarriors
Aradena,AG,aradena
HeroVerse,HER,heroverse
Derby Stars,DSRUN,derby-stars
Step Hero Soul,STEP,step-hero-step
Medamon,MON,medamon
Hero Arena,HERA,hero-arena
Devomon,EVO,devomon
BladeWarrior,BLADE,bladewarrior
GrapeCoin,GRAPE,grapecoin
GnomeLand,GNOME,gnomeland
Bitcoin Cats,1CAT,bitcoin-cats
Tongochi,PET,tongochi
Meme Kombat,MK,meme-kombat
Meta Spatial,SPAT,meta-spatial
Matthew Box 404,MB4,project-matthew
Gem Guardian,GEMG,gemguardian
StarHeroes,STAR,starheroes
Avaxtars Token,AVXT,avaxtars-token
xPET tech,XPET,xpet-tech
Raini Studios Token,RST,raini-studios-token
Undead Blocks,UNDEAD,undead-blocks
X Protocol,POT,x-protocol
Xtremeverse,XTREME,xtremeverse
Block Farm Club,BFC,block-farm
Revenant,GAMEFI,revenant
Besa Gaming,BESA,besa-gaming
Snail Trail,SLIME,snail-trail
TryHards,TRYHARDS,tryhards
xPET tech BPET,BPET,bpet
Outlanders,LAND,outlanders
Capverse,CAP,capverse
Gambit,GAMBIT,gambit-game
SPACE SIP,SIP,space-sip
CASHCAB,CAB,cashcab
Two Lands,LANDS,two-lands
Gaming-T-Bot,GTBOT,gaming-t-bot
Puff The Dragon,PUFF,puff-the-dragon
WonderHero,WND,wonderhero
PanoVerse,PANO,panoverse
Ozone Metaverse,OZONE,ozone-metaverse
